Township,FIPS,Population,Populationdensity/km² (/sq mi),Land areakm² (sq mi),Water areakm² (sq mi),Water %,Geographic coordinates
Alta,01500,221,2 (6),93 (36),0 (0),0.48%,38°7′27″N 97°38′44″W﻿ / ﻿38.12417°N 97.64556°W
Burrton,09600,"1,143",12 (32),93 (36),0 (0),0.17%,38°1′32″N 97°39′55″W﻿ / ﻿38.02556°N 97.66528°W
Darlington,17025,601,7 (17),92 (35),0 (0),0.10%,37°57′5″N 97°19′32″W﻿ / ﻿37.95139°N 97.32556°W
Emma,21025,"4,181",45 (116),93 (36),0 (0),0%,38°8′10″N 97°25′46″W﻿ / ﻿38.13611°N 97.42944°W
Garden,25300,294,3 (8),93 (36),0 (0),0%,38°7′44″N 97°32′14″W﻿ / ﻿38.12889°N 97.53722°W
Halstead,29625,353,4 (10),92 (35),0 (0),0.07%,38°2′9″N 97°31′51″W﻿ / ﻿38.03583°N 97.53083°W
Highland,31875,415,5 (12),92 (35),0 (0),0.19%,38°7′38″N 97°19′9″W﻿ / ﻿38.12722°N 97.31917°W
Lake,37825,173,2 (5),92 (36),1 (0),1.05%,37°57′46″N 97°39′7″W﻿ / ﻿37.96278°N 97.65194°W
