Township,FIPS,Population,Populationdensity/km² (/sq mi),Land areakm² (sq mi),Water areakm² (sq mi),Water %,Geographic coordinates,Extra_Data_1,Irrelevant_2
Lakin,38150,357,4 (10),92 (35),0 (0),0.06%,37°57′18″N 97°32′20″W﻿ / ﻿37.95500°N 97.53889°W,64,ohe6vc
Macon,43925,"1,056",11 (30),92 (36),0 (0),0%,38°2′8″N 97°24′58″W﻿ / ﻿38.03556°N 97.41611°W,170,O1Ml6yFS
Newton,50500,"1,950",28 (73),69 (27),0 (0),0.07%,38°3′27″N 97°19′31″W﻿ / ﻿38.05750°N 97.32528°W,463,ivVXPZ
Pleasant,56250,439,5 (12),93 (36),1 (0),0.81%,38°2′27″N 97°12′8″W﻿ / ﻿38.04083°N 97.20222°W,982,Rv6A3N
Richland,59350,360,4 (10),94 (36),0 (0),0.20%,37°57′39″N 97°12′1″W﻿ / ﻿37.96083°N 97.20028°W,637,VCzBr
Sedgwick,63825,"1,711",18 (48),93 (36),0 (0),0%,37°56′24″N 97°25′22″W﻿ / ﻿37.94000°N 97.42278°W,312,SzR3m
Walton,75225,552,6 (15),95 (37),0 (0),0.06%,38°7′26″N 97°13′1″W﻿ / ﻿38.12389°N 97.21694°W,749,k0PtMpAL
