Township,FIPS,Population,Populationdensity/km² (/sq mi),Land areakm² (sq mi),Water areakm² (sq mi),Water %,Geographic coordinates
Halstead,29625,353,4 (10),92 (35),0 (0),0.07%,38°2′9″N 97°31′51″W﻿ / ﻿38.03583°N 97.53083°W
Highland,31875,415,5 (12),92 (35),0 (0),0.19%,38°7′38″N 97°19′9″W﻿ / ﻿38.12722°N 97.31917°W
Lake,37825,173,2 (5),92 (36),1 (0),1.05%,37°57′46″N 97°39′7″W﻿ / ﻿37.96278°N 97.65194°W
Lakin,38150,357,4 (10),92 (35),0 (0),0.06%,37°57′18″N 97°32′20″W﻿ / ﻿37.95500°N 97.53889°W
Macon,43925,"1,056",11 (30),92 (36),0 (0),0%,38°2′8″N 97°24′58″W﻿ / ﻿38.03556°N 97.41611°W
