Township,FIPS,Population,Populationdensity/km² (/sq mi),Land areakm² (sq mi),Water areakm² (sq mi),Water %,Geographic coordinates
Alta,01500,221,2 (6),93 (36),0 (0),0.48%,38°7′27″N 97°38′44″W﻿ / ﻿38.12417°N 97.64556°W
Burrton,09600,"1,143",12 (32),93 (36),0 (0),0.17%,38°1′32″N 97°39′55″W﻿ / ﻿38.02556°N 97.66528°W
Darlington,17025,601,7 (17),92 (35),0 (0),0.10%,37°57′5″N 97°19′32″W﻿ / ﻿37.95139°N 97.32556°W
Emma,21025,"4,181",45 (116),93 (36),0 (0),0%,38°8′10″N 97°25′46″W﻿ / ﻿38.13611°N 97.42944°W
Garden,25300,294,3 (8),93 (36),0 (0),0%,38°7′44″N 97°32′14″W﻿ / ﻿38.12889°N 97.53722°W
