Township,FIPS,Populationcenter,Population,Populationdensity/km² (/sq mi),Land areakm² (sq mi),Water areakm² (sq mi),Water %,Geographic coordinates
Garfield,25575,,27,0 (1),92 (36),0 (0),0.30%,38°50′9″N 98°6′42″W﻿ / ﻿38.83583°N 98.11167°W
Green Garden,28600,Lorraine,211,2 (6),94 (36),0 (0),0.22%,38°33′30″N 98°19′19″W﻿ / ﻿38.55833°N 98.32194°W
Langley,38600,,76,1 (2),92 (35),2 (1),1.86%,38°35′33″N 97°58′15″W﻿ / ﻿38.59250°N 97.97083°W
Lincoln,40675,,62,1 (2),95 (37),0 (0),0.22%,38°39′8″N 98°18′0″W﻿ / ﻿38.65222°N 98.30000°W
Mulberry,49050,,44,0 (1),93 (36),0 (0),0.24%,38°50′5″N 97°58′28″W﻿ / ﻿38.83472°N 97.97444°W
Noble,50825,,90,1 (3),93 (36),0 (0),0.04%,38°44′51″N 98°25′33″W﻿ / ﻿38.74750°N 98.42583°W
