Township,FIPS,Populationcenter,Population,Populationdensity/km² (/sq mi),Land areakm² (sq mi),Water areakm² (sq mi),Water %,Geographic coordinates
Palacky,54100,,63,1 (2),94 (36),0 (0),0.08%,38°38′51″N 98°25′56″W﻿ / ﻿38.64750°N 98.43222°W
Sherman,64950,,65,1 (2),94 (36),0 (0),0.22%,38°49′21″N 98°13′7″W﻿ / ﻿38.82250°N 98.21861°W
Thomas,70450,,72,1 (2),93 (36),0 (0),0.21%,38°33′56″N 98°11′33″W﻿ / ﻿38.56556°N 98.19250°W
Trivoli,71525,,55,1 (2),93 (36),0 (0),0.38%,38°35′7″N 98°4′23″W﻿ / ﻿38.58528°N 98.07306°W
Valley,72800,Holyrood,577,6 (16),93 (36),0 (0),0.14%,38°34′22″N 98°24′56″W﻿ / ﻿38.57278°N 98.41556°W
Wilson,79700,Wilson,894,10 (25),93 (36),0 (0),0.06%,38°49′34″N 98°27′23″W﻿ / ﻿38.82611°N 98.45639°W
