Township,FIPS,Populationcenter,Population,Populationdensity(/mi²),Populationdensity(/km²),Land area(mi²),Land area(km²),Water area(mi²),Water area(km²),Geographic coordinates
Galla,91407,Pottsville,3523,88.7,34.3,39.71,102.8,1.8410,4.7682,35°13′15″N 93°02′46″W﻿ / ﻿35.22083°N 93.04611°W
Griffin,91536,,901,26.5,10.2,33.96,87.96,0.1106,0.2865,35°25′30″N 92°52′36″W﻿ / ﻿35.42500°N 92.87667°W
Gum Log,91560,,1420,71.6,27.6,19.84,51.39,0.0142,0.0368,35°16′30″N 92°59′51″W﻿ / ﻿35.27500°N 92.99750°W
Illinois,91812,Russellville,25841,540.9,208.9,47.77,123.7,6.6022,17.0996,35°17′00″N 93°07′46″W﻿ / ﻿35.28333°N 93.12944°W
Jackson,91875,Hector,1191,11.5,4.4,103.72,268.6,0.0505,0.1308,35°29′20″N 92°57′01″W﻿ / ﻿35.48889°N 92.95028°W
Liberty,92181,,805,14.2,5.5,56.64,146.7,0.0028,0.0073,35°29′40″N 93°03′16″W﻿ / ﻿35.49444°N 93.05444°W
