Township,FIPS,Populationcenter,Population,Populationdensity(/mi²),Populationdensity(/km²),Land area(mi²),Land area(km²),Water area(mi²),Water area(km²),Geographic coordinates
Martin,92415,,1482,23.7,9.2,62.46,161.8,0.3931,1.0181,35°28′25″N 93°10′06″W﻿ / ﻿35.47361°N 93.16833°W
Moreland,92553,,700,52.2,20.2,13.40,34.71,0.0683,0.1769,35°21′30″N 92°59′46″W﻿ / ﻿35.35833°N 92.99611°W
Phoenix,92871,,334,26.7,10.3,12.51,32.40,0.0000,0.0000,35°24′30″N 93°00′31″W﻿ / ﻿35.40833°N 93.00861°W
Smyrna,93420,,173,2.4,0.9,70.69,183.1,0.0218,0.0565,35°38′10″N 92°53′46″W﻿ / ﻿35.63611°N 92.89611°W
Valley,93765,,2776,125.7,48.5,22.09,57.21,0.0144,0.0373,35°20′05″N 93°02′46″W﻿ / ﻿35.33472°N 93.04611°W
Wilson,94089,Atkins,4371,77.6,30.0,56.32,145.9,3.0305,7.8490,35°13′30″N 92°55′01″W﻿ / ﻿35.22500°N 92.91694°W
