Township,FIPS,Populationcenter,Population,Populationdensity(/mi²),Populationdensity(/km²),Land area(mi²),Land area(km²),Water area(mi²),Water area(km²),Geographic coordinates
Bayliss,90159,,708,24.6,9.5,28.81,74.62,0.0979,0.2536,35°24′10″N 93°14′06″W﻿ / ﻿35.40278°N 93.23500°W
Burnett,90558,,452,20.9,8.1,21.65,56.07,0.1051,0.2722,35°19′10″N 92°52′33″W﻿ / ﻿35.31944°N 92.87583°W
Center,90735,,515,36.8,14.2,13.99,36.23,0.0339,0.0878,35°24′20″N 92°57′16″W﻿ / ﻿35.40556°N 92.95444°W
Clark,90813,London,2969,115.3,44.6,25.73,66.64,6.0444,15.6549,35°19′45″N 93°14′46″W﻿ / ﻿35.32917°N 93.24611°W
Convenience,90921,,933,50.4,19.4,18.53,47.99,0.0942,0.2440,35°20′00″N 92°56′41″W﻿ / ﻿35.33333°N 92.94472°W
Dover,91134,Dover,5277,119.1,46.0,44.29,114.7,0.3637,0.9420,35°23′30″N 93°07′01″W﻿ / ﻿35.39167°N 93.11694°W
Freeman,91377,,98,0.8,0.3,119.78,310.2,0.0000,0.0000,35°39′10″N 93°04′06″W﻿ / ﻿35.65278°N 93.06833°W
