Township,FIPS,Populationcenter,Population,Populationdensity(/mi²),Populationdensity(/km²),Land area(mi²),Land area(km²),Water area(mi²),Water area(km²),Geographic coordinates,Dummy_Col_1
Illinois,91812,Russellville,25841,540.9,208.9,47.77,123.7,6.6022,17.0996,35°17′00″N 93°07′46″W﻿ / ﻿35.28333°N 93.12944°W,NIoBDeb
Jackson,91875,Hector,1191,11.5,4.4,103.72,268.6,0.0505,0.1308,35°29′20″N 92°57′01″W﻿ / ﻿35.48889°N 92.95028°W,pnZERgXm
Liberty,92181,,805,14.2,5.5,56.64,146.7,0.0028,0.0073,35°29′40″N 93°03′16″W﻿ / ﻿35.49444°N 93.05444°W,eAlwXcd
Martin,92415,,1482,23.7,9.2,62.46,161.8,0.3931,1.0181,35°28′25″N 93°10′06″W﻿ / ﻿35.47361°N 93.16833°W,jcEGhD
Moreland,92553,,700,52.2,20.2,13.40,34.71,0.0683,0.1769,35°21′30″N 92°59′46″W﻿ / ﻿35.35833°N 92.99611°W,WsqTJ
Phoenix,92871,,334,26.7,10.3,12.51,32.40,0.0000,0.0000,35°24′30″N 93°00′31″W﻿ / ﻿35.40833°N 93.00861°W,zTUWy
Smyrna,93420,,173,2.4,0.9,70.69,183.1,0.0218,0.0565,35°38′10″N 92°53′46″W﻿ / ﻿35.63611°N 92.89611°W,ykODbs
Valley,93765,,2776,125.7,48.5,22.09,57.21,0.0144,0.0373,35°20′05″N 93°02′46″W﻿ / ﻿35.33472°N 93.04611°W,UIlxxl
Wilson,94089,Atkins,4371,77.6,30.0,56.32,145.9,3.0305,7.8490,35°13′30″N 92°55′01″W﻿ / ﻿35.22500°N 92.91694°W,cBEks
