Rank,Name,Heightft (m),Floors,Year,Coordinates,Notes
12,1330 Broadway,297 (91),21,1956–1959,37°48′14″N 122°16′14″W﻿ / ﻿37.80389°N 122.27056°W,
13,Pacific Bell Building,296 (90),20,1985,37°48′37″N 122°15′57″W﻿ / ﻿37.81028°N 122.26583°W,
14,555 City Center,279 (85),20,2002,37°48′13″N 122°16′31″W﻿ / ﻿37.80361°N 122.27528°W,
15,Park Bellevue Tower,270 (82),25,1969,37°48′28″N 122°15′20″W﻿ / ﻿37.80778°N 122.25556°W,
16,St. Paul's Towers,267 (81),22,1966,37°48′42″N 122°15′37″W﻿ / ﻿37.81167°N 122.26028°W,
