Rank,Name,Heightft (m),Floors,Year,Coordinates,Notes
17,The Grand Apartments,263 (80),22,2008,37°48′41″N 122°15′53″W﻿ / ﻿37.81139°N 122.26472°W,
18,Central Building,235 (72),15,1926,37°48′15″N 122°16′14″W﻿ / ﻿37.80417°N 122.27056°W,
19,Bank of America Building,225 (69),18,1907,37°48′10″N 122°16′17″W﻿ / ﻿37.80278°N 122.27139°W,Tallest building constructed in the decade of 1900
20,Financial Center Building,214 (65),14,1929,37°48′13″N 122°16′13″W﻿ / ﻿37.80361°N 122.27028°W,
21,SBC Building,203 (62),15,—,37°48′21″N 122°16′08″W﻿ / ﻿37.80583°N 122.26889°W,
