Township,FIPS,Populationcenter,Population,Populationdensity/km² (/sq mi),Land areakm² (sq mi),Water areakm² (sq mi),Water %,Geographic coordinates
Belleville,05575,,675,4 (11),155 (60),0 (0),0.14%,37°3′50″N 96°7′48″W﻿ / ﻿37.06389°N 96.13000°W
Caneyville,10425,,88,1 (2),144 (55),1 (0),0.38%,37°15′23″N 96°27′27″W﻿ / ﻿37.25639°N 96.45750°W
Center,11575,,75,1 (1),144 (56),1 (0),0.80%,37°15′28″N 96°18′31″W﻿ / ﻿37.25778°N 96.30861°W
Harrison,30275,,114,1 (2),142 (55),0 (0),0.14%,37°4′3″N 96°26′32″W﻿ / ﻿37.06750°N 96.44222°W
Hendricks,31300,,179,1 (3),142 (55),0 (0),0.05%,37°1′12″N 96°18′42″W﻿ / ﻿37.02000°N 96.31167°W
Jefferson,35125,Cedar Vale,834,6 (15),144 (56),1 (0),0.45%,37°6′45″N 96°29′12″W﻿ / ﻿37.11250°N 96.48667°W
